run_id,recorded_at_utc,selected_at_utc,folder,video,image,ringtone,platform,account_key,account_id,status,post_id,published_at_utc,error
38035762164,2026-10-10T07:55:00.103898+00:00,2026-10-10T07:50:43.492998+00:00,hanumanji,daily_reel.mp4,images/hanumanji/Hanuman_14.jpg,rings/hanumanji/Jai-Hanuman-Gyan-Gun-Sagar-Powerful-Hanuman-Chalisa-Bhakti.mp3,GENERATION,,,GENERATED,,,
38035762164,2026-10-10T07:55:00.103898+00:00,2026-10-10T07:50:59.924921+00:00,hanumanji,daily_reel_2.mp4,images/hanumanji/12589319.webp,rings/hanumanji/Hanuman-Ji-031.mp3,GENERATION,,,GENERATED,,,
38035762164,2026-10-10T07:55:00.103898+00:00,2026-10-10T07:51:22.841864+00:00,maadurga,daily_reel.mp4,images/maadurga/Maa_Durga_0027.jpg,rings/maadurga/Ab-Meri-Bhi-Suno-Hey-Maat-Bhawani.mp3,GENERATION,,,GENERATED,,,
38035762164,2026-10-10T07:55:00.103898+00:00,2026-10-10T07:51:35.375850+00:00,shreekrishna,daily_reel.mp4,images/shreekrishna/Krishna and Arjuna at Dawn.png,rings/shreekrishna/Mukundha-Mukundha.mp3,GENERATION,,,GENERATED,,,
38035762164,2026-10-10T07:55:00.103898+00:00,2026-10-10T07:52:02.302408+00:00,shyambaba,daily_reel.mp4,images/shyambaba/shree_shyam_image_4.jpg,rings/shyambaba/mera-shyam-aa-jata-mere-samne.mp3,GENERATION,,,GENERATED,,,
38035762164,2026-10-10T07:55:00.103898+00:00,2026-10-10T07:50:43.492998+00:00,hanumanji,daily_reel.mp4,images/hanumanji/Hanuman_14.jpg,rings/hanumanji/Jai-Hanuman-Gyan-Gun-Sagar-Powerful-Hanuman-Chalisa-Bhakti.mp3,FACEBOOK,FB_PAGE_KEY,1252116237996398,FAILED,,,"Facebook publish failed for hanumanji/Page 1252116237996398: HTTP 400: {""error"":{""message"":""We limit how often you can post, comment or do other things in a given amount of time in order to help protect the community from spam. You can try again later. Learn More"",""type"":""OAuthException"",""code"":368,""error_data"":{""sentry_block_data"":""Aes5Os_LPiIvfidmT7nbPe4WbkpZV4kUzY0m5nfN9QAt9lYx4FxuQctaZNmQu6FA0XiiLlDmF1glfW8lLARmkE_AfxE-KkTdqfUZ9WBJ1yViBpt7Yu3KCj1qks3QjmEDVZFafXTxscdW6YmJJm-cYAt2oPVb5-AN206z9wni2UeDLEbqPKYviQGqqyJr24M96Mt6XVrwSJjjIRxxLnQfeBaxwmMY7lIQl7uhK0ClM8yTWeJk7bp9wCKrQ_-ngdZ_2RMpsq-rHaJAgBKCln8XAIAKTp7-ZXqy31meP5SwTJg3IfWFtb-coxLthiOkQDHghrD9"",""help_center_id"":0,""is_silent"":false},""error_subcode"":1390008,""error_user_msg"":"""",""fbtrace_id"":""AiKrUBN3huyHUglXRd0I4V0""}}"
38035762164,2026-10-10T07:55:00.103898+00:00,2026-10-10T07:50:59.924921+00:00,hanumanji,daily_reel_2.mp4,images/hanumanji/12589319.webp,rings/hanumanji/Hanuman-Ji-031.mp3,FACEBOOK,FB_PAGE_KEY,1252116237996398,FAILED,,,"Facebook publish failed for hanumanji/Page 1252116237996398: HTTP 400: {""error"":{""message"":""We limit how often you can post, comment or do other things in a given amount of time in order to help protect the community from spam. You can try again later. Learn More"",""type"":""OAuthException"",""code"":368,""error_data"":{""sentry_block_data"":""AevpZaNDhCOfooaimK0u5UfBi3h7ifK3IFG_gVXdod-FsyHeD46jCH7PfGbilAj3hewfCcuKYu6MJExNoDyQv_qdBVgnRvmc_bt9o6-MGC7BCKLGKc3NSE6bq2uDdnSH3hDzjZJ7mrzs6fugm-FvbOsHZJqE3Ftmq1cjKo_9yurlbjySol9uzfmLSCisheoJeM5a7s1KQnvFaeltMX_yyXYfNynwcVPThmqaCL5h8rZwrt3B8uL_mRuI5KpWNFUk6HjMw2wraDRdhbtXDS29sljiCcFhSnX3HtyyucVhXvss3JzgHftH5UhtSF2XqLsDrCVW"",""help_center_id"":0,""is_silent"":false},""error_subcode"":1390008,""error_user_msg"":"""",""fbtrace_id"":""AQHow_6MmFfu3xbjvHr18dK""}}"
38035762164,2026-10-10T07:55:00.103898+00:00,2026-10-10T07:51:22.841864+00:00,maadurga,daily_reel.mp4,images/maadurga/Maa_Durga_0027.jpg,rings/maadurga/Ab-Meri-Bhi-Suno-Hey-Maat-Bhawani.mp3,FACEBOOK,FB_PAGE_KEY,1252116237996398,FAILED,,,"Facebook publish failed for maadurga/Page 1252116237996398: HTTP 400: {""error"":{""message"":""We limit how often you can post, comment or do other things in a given amount of time in order to help protect the community from spam. You can try again later. Learn More"",""type"":""OAuthException"",""code"":368,""error_data"":{""sentry_block_data"":""AeslgCrsTEzFCU7ByJkyNi2N1Vk24LEILGfF7qwQht9LLfxg7mKPTNm51tl-haNJwHNfoM1kXyZXyp6dC8iMWqivEFBi6mXkyR9Rx5iLp9xvHLqJ2S3-guKS3ElKwbBcrkhW3Nwl7yzNFyAVeT2TZWISJmiFvMlrLAYGRPkH5a3ZuUjniuf-w4JW8NvZYjWB9wm5TR7VTR6rtgJvdY0uiVpAu3AeEGNHcQezVe7bzSCQCHQuhyJBdA-743UZWfxEi-70jtF4DJTlhbKCUNpOTaHWPRzfdItQ3aARN8MhuSloKomzH-y1pYJyb6Gf-suBHlc"",""help_center_id"":0,""is_silent"":false},""error_subcode"":1390008,""error_user_msg"":"""",""fbtrace_id"":""AMiWMxlYHhL7kW5x-qqBvV_""}}"
38035762164,2026-10-10T07:55:00.103898+00:00,2026-10-10T07:51:35.375850+00:00,shreekrishna,daily_reel.mp4,images/shreekrishna/Krishna and Arjuna at Dawn.png,rings/shreekrishna/Mukundha-Mukundha.mp3,FACEBOOK,FB_PAGE_KEY,1252116237996398,FAILED,,,"Facebook publish failed for shreekrishna/Page 1252116237996398: HTTP 400: {""error"":{""message"":""We limit how often you can post, comment or do other things in a given amount of time in order to help protect the community from spam. You can try again later. Learn More"",""type"":""OAuthException"",""code"":368,""error_data"":{""sentry_block_data"":""Aev0AZEIjuNbDC1cmDxNh3GlkuqHuo5PimMApfjqxsG4hJpTxnilju--g_7MIYS4m1ijxT17rzFO8vHs-HYLrplR0oMGhax87XpKJ3xrhUE1pyqmohzYyAat4yjGnrT9hs6mwRI5Qp-qVc4Y8dQKplawofDlzXa6cJTkAktBJy8LpNbWewM9bMDeyj0pQ5NJoXGD1zV0tLFYIqfczZ_XahVNSuUaWWhhE_xtVAujFdBiHdfsIJhi-e0c0cwgOKgPe4kUVYd7wt3en96cH4wYvJWATz4szYsjIUZpyhjTr-NFVtq0WVuk-TrcMM6og9KhMwUz"",""help_center_id"":0,""is_silent"":false},""error_subcode"":1390008,""error_user_msg"":"""",""fbtrace_id"":""Azm74hxmGDJZYumlhmeQJ_2""}}"
38035762164,2026-10-10T07:55:00.103898+00:00,2026-10-10T07:52:02.302408+00:00,shyambaba,daily_reel.mp4,images/shyambaba/shree_shyam_image_4.jpg,rings/shyambaba/mera-shyam-aa-jata-mere-samne.mp3,FACEBOOK,FB_PAGE_KEY,1252116237996398,FAILED,,,"Facebook publish failed for shyambaba/Page 1252116237996398: HTTP 400: {""error"":{""message"":""We limit how often you can post, comment or do other things in a given amount of time in order to help protect the community from spam. You can try again later. Learn More"",""type"":""OAuthException"",""code"":368,""error_data"":{""sentry_block_data"":""AespRjRtqIGwTSY7fcjWlt5U1TGGciCzwVrVVstO9FmLsBWRRlUf1TrUAYfTytHbissjAekKGtp8bDd4QcMU5nK2UxfkwcRhL51maCECp8ZvsSmHV9c2_mIf02xrjlsxiAF_wiAv6DYWf0k4k4DFECElCfyp9XqufGTFbrMY25rr0OdfAGRIkEySC5MpILHba2D4XTTmj7X1_lOXoBvUCzF3ZRv-pvr_TzV0i0GAwpua7SO4up5yjWBSg90Io-XySA2YkMHnu3uqtiG18NGuNtutkwWQ-SoX1zxXG9exRr2MjA9OF6E5MnPDt0r7JSZiTsU"",""help_center_id"":0,""is_silent"":false},""error_subcode"":1390008,""error_user_msg"":"""",""fbtrace_id"":""AfriuC5ll1CbJOfPOGGnQ4V""}}"
38035762164,2026-10-10T07:55:00.103898+00:00,2026-10-10T07:50:43.492998+00:00,hanumanji,daily_reel.mp4,images/hanumanji/Hanuman_14.jpg,rings/hanumanji/Jai-Hanuman-Gyan-Gun-Sagar-Powerful-Hanuman-Chalisa-Bhakti.mp3,INSTAGRAM,INSTA_PAGE_KEY,17841430054540359,PUBLISHED,17910208188520720,2026-10-10T07:53:39.668321+00:00,
38035762164,2026-10-10T07:55:00.103898+00:00,2026-10-10T07:50:59.924921+00:00,hanumanji,daily_reel_2.mp4,images/hanumanji/12589319.webp,rings/hanumanji/Hanuman-Ji-031.mp3,INSTAGRAM,INSTA_PAGE_KEY,17841430054540359,PUBLISHED,18139164214722793,2026-10-10T07:53:39.392587+00:00,
38035762164,2026-10-10T07:55:00.103898+00:00,2026-10-10T07:51:22.841864+00:00,maadurga,daily_reel.mp4,images/maadurga/Maa_Durga_0027.jpg,rings/maadurga/Ab-Meri-Bhi-Suno-Hey-Maat-Bhawani.mp3,INSTAGRAM,INSTA_PAGE_KEY,17841430054540359,PUBLISHED,18598326394066105,2026-10-10T07:53:39.568145+00:00,
38035762164,2026-10-10T07:55:00.103898+00:00,2026-10-10T07:51:35.375850+00:00,shreekrishna,daily_reel.mp4,images/shreekrishna/Krishna and Arjuna at Dawn.png,rings/shreekrishna/Mukundha-Mukundha.mp3,INSTAGRAM,INSTA_PAGE_KEY,17841430054540359,PUBLISHED,18101365610636723,2026-10-10T07:54:38.395579+00:00,
38035762164,2026-10-10T07:55:00.103898+00:00,2026-10-10T07:52:02.302408+00:00,shyambaba,daily_reel.mp4,images/shyambaba/shree_shyam_image_4.jpg,rings/shyambaba/mera-shyam-aa-jata-mere-samne.mp3,INSTAGRAM,INSTA_PAGE_KEY,17841430054540359,PUBLISHED,18373005466241421,2026-10-10T07:54:35.181765+00:00,
